epoch,loss,lr,best_loss,iou_Free,iou_Road,iou_Vehicle,iou_Pedestrian,iou_StaticObst,miou_all,miou_fg
1,0.851877,0.00019877,0.851877,0.0000,0.0000,0.0000,0.0000,0.0000,0.0000,0.0000
6,0.260589,0.00015898,0.260589,0.0000,0.0000,0.0000,0.0000,0.0000,0.0000,0.0000
2,0.482230,0.00019513,0.482230,0.0000,0.0000,0.0000,0.0000,0.0000,0.0000,0.0000
3,0.310731,0.00018916,0.310731,0.0000,0.0000,0.0000,0.0000,0.0000,0.0000,0.0000
7,0.251928,0.00014567,0.251928,0.0000,0.0000,0.0000,0.0000,0.0000,0.0000,0.0000
4,0.213729,0.00018100,0.213729,0.0000,0.0000,0.0000,0.0000,0.0000,0.0000,0.0000
5,0.170554,0.00017086,0.170554,0.9964,0.9894,0.0030,0.0000,0.0000,0.3978,0.2481
6,0.152915,0.00015898,0.152915,0.0000,0.0000,0.0000,0.0000,0.0000,0.0000,0.0000
8,0.245176,0.00013125,0.245176,0.0000,0.0000,0.0000,0.0000,0.0000,0.0000,0.0000
7,0.142920,0.00014567,0.142920,0.0000,0.0000,0.0000,0.0000,0.0000,0.0000,0.0000
8,0.137304,0.00013125,0.137304,0.0000,0.0000,0.0000,0.0000,0.0000,0.0000,0.0000
9,0.133097,0.00011607,0.133097,0.0000,0.0000,0.0000,0.0000,0.0000,0.0000,0.0000
9,0.240192,0.00011607,0.240192,0.0000,0.0000,0.0000,0.0000,0.0000,0.0000,0.0000
10,0.129499,0.00010050,0.129499,0.9958,0.9889,0.0123,0.0000,0.0000,0.3994,0.2503
11,0.126814,0.00008493,0.126814,0.0000,0.0000,0.0000,0.0000,0.0000,0.0000,0.0000
10,0.237142,0.00010050,0.237142,0.9927,0.9744,0.0011,0.0000,0.0000,0.3936,0.2439
12,0.124810,0.00006975,0.124810,0.0000,0.0000,0.0000,0.0000,0.0000,0.0000,0.0000
13,0.123074,0.00005533,0.123074,0.0000,0.0000,0.0000,0.0000,0.0000,0.0000,0.0000
14,0.121601,0.00004202,0.121601,0.0000,0.0000,0.0000,0.0000,0.0000,0.0000,0.0000
11,0.234805,0.00008493,0.234805,0.0000,0.0000,0.0000,0.0000,0.0000,0.0000,0.0000
15,0.120642,0.00003014,0.120642,0.9965,0.9894,0.0020,0.0000,0.0000,0.3976,0.2478
16,0.119869,0.00002000,0.119869,0.0000,0.0000,0.0000,0.0000,0.0000,0.0000,0.0000
17,0.119349,0.00001184,0.119349,0.0000,0.0000,0.0000,0.0000,0.0000,0.0000,0.0000
12,0.232803,0.00006975,0.232803,0.0000,0.0000,0.0000,0.0000,0.0000,0.0000,0.0000
18,0.118939,0.00000587,0.118939,0.0000,0.0000,0.0000,0.0000,0.0000,0.0000,0.0000
19,0.118772,0.00000223,0.118772,0.0000,0.0000,0.0000,0.0000,0.0000,0.0000,0.0000
13,0.231115,0.00005533,0.231115,0.0000,0.0000,0.0000,0.0000,0.0000,0.0000,0.0000
20,0.118693,0.00020000,0.118693,0.9964,0.9893,0.0063,0.0000,0.0000,0.3984,0.2489
21,0.120004,0.00019969,0.118693,0.0000,0.0000,0.0000,0.0000,0.0000,0.0000,0.0000
22,0.118747,0.00019877,0.118693,0.0000,0.0000,0.0000,0.0000,0.0000,0.0000,0.0000
14,0.229944,0.00004202,0.229944,0.0000,0.0000,0.0000,0.0000,0.0000,0.0000,0.0000
23,0.116486,0.00019725,0.116486,0.0000,0.0000,0.0000,0.0000,0.0000,0.0000,0.0000
24,0.114643,0.00019513,0.114643,0.0000,0.0000,0.0000,0.0000,0.0000,0.0000,0.0000
25,0.113401,0.00019243,0.113401,0.9961,0.9886,0.0040,0.0000,0.0000,0.3977,0.2482
15,0.229532,0.00003014,0.229532,0.9931,0.9746,0.0006,0.0000,0.0000,0.3937,0.2438
26,0.112385,0.00018916,0.112385,0.0000,0.0000,0.0000,0.0000,0.0000,0.0000,0.0000
27,0.111253,0.00018534,0.111253,0.0000,0.0000,0.0000,0.0000,0.0000,0.0000,0.0000
16,0.228732,0.00002000,0.228732,0.0000,0.0000,0.0000,0.0000,0.0000,0.0000,0.0000
28,0.110402,0.00018100,0.110402,0.0000,0.0000,0.0000,0.0000,0.0000,0.0000,0.0000
29,0.109807,0.00017616,0.109807,0.0000,0.0000,0.0000,0.0000,0.0000,0.0000,0.0000
30,0.109263,0.00017086,0.109263,0.9964,0.9894,0.0015,0.0000,0.0000,0.3975,0.2477
17,0.227864,0.00001184,0.227864,0.0000,0.0000,0.0000,0.0000,0.0000,0.0000,0.0000
31,0.108813,0.00016512,0.108813,0.0000,0.0000,0.0000,0.0000,0.0000,0.0000,0.0000
32,0.108431,0.00015898,0.108431,0.0000,0.0000,0.0000,0.0000,0.0000,0.0000,0.0000
33,0.107957,0.00015249,0.107957,0.0000,0.0000,0.0000,0.0000,0.0000,0.0000,0.0000
18,0.228153,0.00000587,0.227864,0.0000,0.0000,0.0000,0.0000,0.0000,0.0000,0.0000
34,0.107469,0.00014567,0.107469,0.0000,0.0000,0.0000,0.0000,0.0000,0.0000,0.0000
35,0.107035,0.00013858,0.107035,0.9966,0.9893,0.0011,0.0000,0.0000,0.3974,0.2476
19,0.227441,0.00000223,0.227441,0.0000,0.0000,0.0000,0.0000,0.0000,0.0000,0.0000
36,0.106832,0.00013125,0.106832,0.0000,0.0000,0.0000,0.0000,0.0000,0.0000,0.0000
37,0.106617,0.00012373,0.106617,0.0000,0.0000,0.0000,0.0000,0.0000,0.0000,0.0000
38,0.106350,0.00011607,0.106350,0.0000,0.0000,0.0000,0.0000,0.0000,0.0000,0.0000
20,0.227292,0.00020000,0.227292,0.9930,0.9745,0.0008,0.0000,0.0000,0.3937,0.2438
39,0.105956,0.00010831,0.105956,0.0000,0.0000,0.0000,0.0000,0.0000,0.0000,0.0000
40,0.105639,0.00010050,0.105639,0.9966,0.9893,0.0013,0.0000,0.0000,0.3974,0.2477
41,0.105436,0.00009269,0.105436,0.0000,0.0000,0.0000,0.0000,0.0000,0.0000,0.0000
21,0.228251,0.00019969,0.227292,0.0000,0.0000,0.0000,0.0000,0.0000,0.0000,0.0000
42,0.105144,0.00008493,0.105144,0.0000,0.0000,0.0000,0.0000,0.0000,0.0000,0.0000
43,0.104994,0.00007727,0.104994,0.0000,0.0000,0.0000,0.0000,0.0000,0.0000,0.0000
44,0.104928,0.00006975,0.104928,0.0000,0.0000,0.0000,0.0000,0.0000,0.0000,0.0000
22,0.227283,0.00019877,0.227283,0.0000,0.0000,0.0000,0.0000,0.0000,0.0000,0.0000
45,0.104678,0.00006242,0.104678,0.9966,0.9893,0.0006,0.0000,0.0000,0.3973,0.2475
46,0.104542,0.00005533,0.104542,0.0000,0.0000,0.0000,0.0000,0.0000,0.0000,0.0000
23,0.225866,0.00019725,0.225866,0.0000,0.0000,0.0000,0.0000,0.0000,0.0000,0.0000
47,0.104410,0.00004851,0.104410,0.0000,0.0000,0.0000,0.0000,0.0000,0.0000,0.0000
48,0.104347,0.00004202,0.104347,0.0000,0.0000,0.0000,0.0000,0.0000,0.0000,0.0000
49,0.104204,0.00003588,0.104204,0.0000,0.0000,0.0000,0.0000,0.0000,0.0000,0.0000
24,0.223996,0.00019513,0.223996,0.0000,0.0000,0.0000,0.0000,0.0000,0.0000,0.0000
50,0.104114,0.00003014,0.104114,0.9966,0.9893,0.0006,0.0002,0.0000,0.3973,0.2475
51,0.104035,0.00002484,0.104035,0.0000,0.0000,0.0000,0.0000,0.0000,0.0000,0.0000
52,0.103990,0.00002000,0.103990,0.0000,0.0000,0.0000,0.0000,0.0000,0.0000,0.0000
25,0.221182,0.00019243,0.221182,0.9932,0.9746,0.0002,0.0001,0.0000,0.3936,0.2437
53,0.103944,0.00001566,0.103944,0.0000,0.0000,0.0000,0.0000,0.0000,0.0000,0.0000
54,0.103885,0.00001184,0.103885,0.0000,0.0000,0.0000,0.0000,0.0000,0.0000,0.0000
55,0.103833,0.00000857,0.103833,0.9965,0.9893,0.0006,0.0002,0.0000,0.3973,0.2475
26,0.219310,0.00018916,0.219310,0.0000,0.0000,0.0000,0.0000,0.0000,0.0000,0.0000
56,0.103809,0.00000587,0.103809,0.0000,0.0000,0.0000,0.0000,0.0000,0.0000,0.0000
57,0.103806,0.00000375,0.103806,0.0000,0.0000,0.0000,0.0000,0.0000,0.0000,0.0000
27,0.218731,0.00018534,0.218731,0.0000,0.0000,0.0000,0.0000,0.0000,0.0000,0.0000
58,0.103762,0.00000223,0.103762,0.0000,0.0000,0.0000,0.0000,0.0000,0.0000,0.0000
59,0.103762,0.00000131,0.103762,0.0000,0.0000,0.0000,0.0000,0.0000,0.0000,0.0000
60,0.103777,0.00020000,0.103762,0.9965,0.9893,0.0007,0.0001,0.0000,0.3973,0.2475
28,0.216670,0.00018100,0.216670,0.0000,0.0000,0.0000,0.0000,0.0000,0.0000,0.0000
61,0.105671,0.00019992,0.103762,0.0000,0.0000,0.0000,0.0000,0.0000,0.0000,0.0000
62,0.107419,0.00019969,0.103762,0.0000,0.0000,0.0000,0.0000,0.0000,0.0000,0.0000
63,0.106684,0.00019931,0.103762,0.0000,0.0000,0.0000,0.0000,0.0000,0.0000,0.0000
29,0.216475,0.00017616,0.216475,0.0000,0.0000,0.0000,0.0000,0.0000,0.0000,0.0000
64,0.105562,0.00019877,0.103762,0.0000,0.0000,0.0000,0.0000,0.0000,0.0000,0.0000
65,0.104946,0.00019809,0.103762,0.9965,0.9893,0.0010,0.0001,0.0000,0.3974,0.2476
30,0.214931,0.00017086,0.214931,0.9932,0.9746,0.0001,0.0007,0.0000,0.3937,0.2438
66,0.104497,0.00019725,0.103762,0.0000,0.0000,0.0000,0.0000,0.0000,0.0000,0.0000
67,0.104263,0.00019626,0.103762,0.0000,0.0000,0.0000,0.0000,0.0000,0.0000,0.0000
68,0.103942,0.00019513,0.103762,0.0000,0.0000,0.0000,0.0000,0.0000,0.0000,0.0000
31,0.214321,0.00016512,0.214321,0.0000,0.0000,0.0000,0.0000,0.0000,0.0000,0.0000
69,0.103759,0.00019385,0.103759,0.0000,0.0000,0.0000,0.0000,0.0000,0.0000,0.0000
70,0.103524,0.00019243,0.103524,0.9966,0.9893,0.0004,0.0000,0.0000,0.3973,0.2474
71,0.103301,0.00019086,0.103301,0.0000,0.0000,0.0000,0.0000,0.0000,0.0000,0.0000
32,0.212502,0.00015898,0.212502,0.0000,0.0000,0.0000,0.0000,0.0000,0.0000,0.0000
72,0.103204,0.00018916,0.103204,0.0000,0.0000,0.0000,0.0000,0.0000,0.0000,0.0000
73,0.103190,0.00018731,0.103190,0.0000,0.0000,0.0000,0.0000,0.0000,0.0000,0.0000
74,0.103028,0.00018534,0.103028,0.0000,0.0000,0.0000,0.0000,0.0000,0.0000,0.0000
33,0.213534,0.00015249,0.212502,0.0000,0.0000,0.0000,0.0000,0.0000,0.0000,0.0000
75,0.102687,0.00018323,0.102687,0.9967,0.9893,0.0005,0.0000,0.0000,0.3973,0.2474
76,0.102949,0.00018100,0.102687,0.0000,0.0000,0.0000,0.0000,0.0000,0.0000,0.0000
34,0.212169,0.00014567,0.212169,0.0000,0.0000,0.0000,0.0000,0.0000,0.0000,0.0000
77,0.102844,0.00017864,0.102687,0.0000,0.0000,0.0000,0.0000,0.0000,0.0000,0.0000
78,0.102420,0.00017616,0.102420,0.0000,0.0000,0.0000,0.0000,0.0000,0.0000,0.0000
79,0.102243,0.00017357,0.102243,0.0000,0.0000,0.0000,0.0000,0.0000,0.0000,0.0000
35,0.212136,0.00013858,0.212136,0.9932,0.9748,0.0001,0.0003,0.0000,0.3937,0.2438
80,0.102079,0.00017086,0.102079,0.9967,0.9893,0.0007,0.0000,0.0000,0.3973,0.2475
81,0.101830,0.00016804,0.101830,0.0000,0.0000,0.0000,0.0000,0.0000,0.0000,0.0000
82,0.101772,0.00016512,0.101772,0.0000,0.0000,0.0000,0.0000,0.0000,0.0000,0.0000
36,0.210854,0.00013125,0.210854,0.0000,0.0000,0.0000,0.0000,0.0000,0.0000,0.0000
83,0.101656,0.00016210,0.101656,0.0000,0.0000,0.0000,0.0000,0.0000,0.0000,0.0000
84,0.101573,0.00015898,0.101573,0.0000,0.0000,0.0000,0.0000,0.0000,0.0000,0.0000
37,0.210495,0.00012373,0.210495,0.0000,0.0000,0.0000,0.0000,0.0000,0.0000,0.0000
85,0.101541,0.00015578,0.101541,0.9967,0.9893,0.0007,0.0000,0.0000,0.3973,0.2475
86,0.101389,0.00015249,0.101389,0.0000,0.0000,0.0000,0.0000,0.0000,0.0000,0.0000
87,0.101353,0.00014912,0.101353,0.0000,0.0000,0.0000,0.0000,0.0000,0.0000,0.0000
38,0.211113,0.00011607,0.210495,0.0000,0.0000,0.0000,0.0000,0.0000,0.0000,0.0000
88,0.101384,0.00014567,0.101353,0.0000,0.0000,0.0000,0.0000,0.0000,0.0000,0.0000
89,0.101274,0.00014216,0.101274,0.0000,0.0000,0.0000,0.0000,0.0000,0.0000,0.0000
90,0.101212,0.00013858,0.101212,0.9967,0.9893,0.0005,0.0001,0.0000,0.3973,0.2475
39,0.209145,0.00010831,0.209145,0.0000,0.0000,0.0000,0.0000,0.0000,0.0000,0.0000
91,0.101155,0.00013494,0.101155,0.0000,0.0000,0.0000,0.0000,0.0000,0.0000,0.0000
92,0.101073,0.00013125,0.101073,0.0000,0.0000,0.0000,0.0000,0.0000,0.0000,0.0000
93,0.100974,0.00012751,0.100974,0.0000,0.0000,0.0000,0.0000,0.0000,0.0000,0.0000
40,0.209528,0.00010050,0.209145,0.9931,0.9747,0.0002,0.0001,0.0000,0.3936,0.2437
94,0.100950,0.00012373,0.100950,0.0000,0.0000,0.0000,0.0000,0.0000,0.0000,0.0000
95,0.100886,0.00011991,0.100886,0.9967,0.9893,0.0003,0.0000,0.0000,0.3973,0.2474
41,0.208805,0.00009269,0.208805,0.0000,0.0000,0.0000,0.0000,0.0000,0.0000,0.0000
96,0.100832,0.00011607,0.100832,0.0000,0.0000,0.0000,0.0000,0.0000,0.0000,0.0000
97,0.100731,0.00011219,0.100731,0.0000,0.0000,0.0000,0.0000,0.0000,0.0000,0.0000
98,0.100739,0.00010831,0.100731,0.0000,0.0000,0.0000,0.0000,0.0000,0.0000,0.0000
42,0.208524,0.00008493,0.208524,0.0000,0.0000,0.0000,0.0000,0.0000,0.0000,0.0000
99,0.100739,0.00010441,0.100731,0.0000,0.0000,0.0000,0.0000,0.0000,0.0000,0.0000
100,0.100663,0.00010050,0.100663,0.9967,0.9893,0.0005,0.0000,0.0000,0.3973,0.2474
43,0.209306,0.00007727,0.208524,0.0000,0.0000,0.0000,0.0000,0.0000,0.0000,0.0000
101,0.100611,0.00009659,0.100611,0.0000,0.0000,0.0000,0.0000,0.0000,0.0000,0.0000
102,0.100806,0.00009269,0.100611,0.0000,0.0000,0.0000,0.0000,0.0000,0.0000,0.0000
103,0.100726,0.00008881,0.100611,0.0000,0.0000,0.0000,0.0000,0.0000,0.0000,0.0000
44,0.209177,0.00006975,0.208524,0.0000,0.0000,0.0000,0.0000,0.0000,0.0000,0.0000
104,0.100546,0.00008493,0.100546,0.0000,0.0000,0.0000,0.0000,0.0000,0.0000,0.0000
105,0.100465,0.00008109,0.100465,0.9967,0.9893,0.0004,0.0000,0.0000,0.3973,0.2474
106,0.100435,0.00007727,0.100435,0.0000,0.0000,0.0000,0.0000,0.0000,0.0000,0.0000
45,0.208129,0.00006242,0.208129,0.9933,0.9748,0.0000,0.0003,0.0000,0.3937,0.2438
107,0.100401,0.00007349,0.100401,0.0000,0.0000,0.0000,0.0000,0.0000,0.0000,0.0000
108,0.100373,0.00006975,0.100373,0.0000,0.0000,0.0000,0.0000,0.0000,0.0000,0.0000
109,0.100345,0.00006606,0.100345,0.0000,0.0000,0.0000,0.0000,0.0000,0.0000,0.0000
46,0.207525,0.00005533,0.207525,0.0000,0.0000,0.0000,0.0000,0.0000,0.0000,0.0000
110,0.100323,0.00006242,0.100323,0.9967,0.9893,0.0002,0.0000,0.0000,0.3972,0.2474
111,0.100285,0.00005884,0.100285,0.0000,0.0000,0.0000,0.0000,0.0000,0.0000,0.0000
47,0.207492,0.00004851,0.207492,0.0000,0.0000,0.0000,0.0000,0.0000,0.0000,0.0000
112,0.100269,0.00005533,0.100269,0.0000,0.0000,0.0000,0.0000,0.0000,0.0000,0.0000
113,0.100251,0.00005188,0.100251,0.0000,0.0000,0.0000,0.0000,0.0000,0.0000,0.0000
114,0.100248,0.00004851,0.100248,0.0000,0.0000,0.0000,0.0000,0.0000,0.0000,0.0000
48,0.208293,0.00004202,0.207492,0.0000,0.0000,0.0000,0.0000,0.0000,0.0000,0.0000
115,0.100212,0.00004522,0.100212,0.9967,0.9893,0.0003,0.0000,0.0000,0.3973,0.2474
116,0.100192,0.00004202,0.100192,0.0000,0.0000,0.0000,0.0000,0.0000,0.0000,0.0000
117,0.100174,0.00003890,0.100174,0.0000,0.0000,0.0000,0.0000,0.0000,0.0000,0.0000
49,0.207480,0.00003588,0.207480,0.0000,0.0000,0.0000,0.0000,0.0000,0.0000,0.0000
118,0.100157,0.00003588,0.100157,0.0000,0.0000,0.0000,0.0000,0.0000,0.0000,0.0000
119,0.100150,0.00003296,0.100150,0.0000,0.0000,0.0000,0.0000,0.0000,0.0000,0.0000
50,0.207404,0.00003014,0.207404,0.9933,0.9748,0.0000,0.0001,0.0000,0.3937,0.2437
120,0.100133,0.00003014,0.100133,0.9967,0.9893,0.0002,0.0000,0.0000,0.3972,0.2474
121,0.100121,0.00002743,0.100121,0.0000,0.0000,0.0000,0.0000,0.0000,0.0000,0.0000
122,0.100120,0.00002484,0.100120,0.0000,0.0000,0.0000,0.0000,0.0000,0.0000,0.0000
51,0.207025,0.00002484,0.207025,0.0000,0.0000,0.0000,0.0000,0.0000,0.0000,0.0000
123,0.100097,0.00002236,0.100097,0.0000,0.0000,0.0000,0.0000,0.0000,0.0000,0.0000
124,0.100100,0.00002000,0.100097,0.0000,0.0000,0.0000,0.0000,0.0000,0.0000,0.0000
125,0.100086,0.00001777,0.100086,0.9967,0.9893,0.0002,0.0000,0.0000,0.3972,0.2474
52,0.206647,0.00002000,0.206647,0.0000,0.0000,0.0000,0.0000,0.0000,0.0000,0.0000
126,0.100075,0.00001566,0.100075,0.0000,0.0000,0.0000,0.0000,0.0000,0.0000,0.0000
127,0.100070,0.00001369,0.100070,0.0000,0.0000,0.0000,0.0000,0.0000,0.0000,0.0000
128,0.100064,0.00001184,0.100064,0.0000,0.0000,0.0000,0.0000,0.0000,0.0000,0.0000
53,0.206969,0.00001566,0.206647,0.0000,0.0000,0.0000,0.0000,0.0000,0.0000,0.0000
129,0.100057,0.00001014,0.100057,0.0000,0.0000,0.0000,0.0000,0.0000,0.0000,0.0000
130,0.100046,0.00000857,0.100046,0.9967,0.9893,0.0001,0.0000,0.0000,0.3972,0.2473
54,0.206200,0.00001184,0.206200,0.0000,0.0000,0.0000,0.0000,0.0000,0.0000,0.0000
131,0.100054,0.00000715,0.100046,0.0000,0.0000,0.0000,0.0000,0.0000,0.0000,0.0000
132,0.100052,0.00000587,0.100046,0.0000,0.0000,0.0000,0.0000,0.0000,0.0000,0.0000
133,0.100043,0.00000474,0.100043,0.0000,0.0000,0.0000,0.0000,0.0000,0.0000,0.0000
55,0.207048,0.00000857,0.206200,0.9933,0.9747,0.0000,0.0003,0.0000,0.3937,0.2438
134,0.100046,0.00000375,0.100043,0.0000,0.0000,0.0000,0.0000,0.0000,0.0000,0.0000
135,0.100040,0.00000291,0.100040,0.9967,0.9893,0.0001,0.0000,0.0000,0.3972,0.2474
136,0.100040,0.00000223,0.100040,0.0000,0.0000,0.0000,0.0000,0.0000,0.0000,0.0000
56,0.207169,0.00000587,0.206200,0.0000,0.0000,0.0000,0.0000,0.0000,0.0000,0.0000
137,0.100034,0.00000169,0.100034,0.0000,0.0000,0.0000,0.0000,0.0000,0.0000,0.0000
138,0.100033,0.00000131,0.100033,0.0000,0.0000,0.0000,0.0000,0.0000,0.0000,0.0000
57,0.206829,0.00000375,0.206200,0.0000,0.0000,0.0000,0.0000,0.0000,0.0000,0.0000
139,0.100037,0.00000108,0.100033,0.0000,0.0000,0.0000,0.0000,0.0000,0.0000,0.0000
140,0.100034,0.00020000,0.100033,0.9967,0.9893,0.0001,0.0000,0.0000,0.3972,0.2474
141,0.107158,0.00019998,0.100033,0.0000,0.0000,0.0000,0.0000,0.0000,0.0000,0.0000
58,0.206602,0.00000223,0.206200,0.0000,0.0000,0.0000,0.0000,0.0000,0.0000,0.0000
142,0.106873,0.00019992,0.100033,0.0000,0.0000,0.0000,0.0000,0.0000,0.0000,0.0000
143,0.104677,0.00019983,0.100033,0.0000,0.0000,0.0000,0.0000,0.0000,0.0000,0.0000
144,0.103547,0.00019969,0.100033,0.0000,0.0000,0.0000,0.0000,0.0000,0.0000,0.0000
59,0.207271,0.00000131,0.206200,0.0000,0.0000,0.0000,0.0000,0.0000,0.0000,0.0000
145,0.102671,0.00019952,0.100033,0.9965,0.9889,0.0021,0.0000,0.0000,0.3975,0.2478
146,0.102062,0.00019931,0.100033,0.0000,0.0000,0.0000,0.0000,0.0000,0.0000,0.0000
60,0.207684,0.00020000,0.206200,0.9933,0.9748,0.0000,0.0003,0.0000,0.3937,0.2438
147,0.101594,0.00019906,0.100033,0.0000,0.0000,0.0000,0.0000,0.0000,0.0000,0.0000
148,0.101318,0.00019877,0.100033,0.0000,0.0000,0.0000,0.0000,0.0000,0.0000,0.0000
149,0.101181,0.00019845,0.100033,0.0000,0.0000,0.0000,0.0000,0.0000,0.0000,0.0000
61,0.208430,0.00019992,0.206200,0.0000,0.0000,0.0000,0.0000,0.0000,0.0000,0.0000
150,0.100964,0.00019809,0.100033,0.9967,0.9893,0.0003,0.0000,0.0000,0.3973,0.2474
62,0.209679,0.00019969,0.206200,0.0000,0.0000,0.0000,0.0000,0.0000,0.0000,0.0000
63,0.210401,0.00019931,0.206200,0.0000,0.0000,0.0000,0.0000,0.0000,0.0000,0.0000
64,0.209290,0.00019877,0.206200,0.0000,0.0000,0.0000,0.0000,0.0000,0.0000,0.0000
65,0.207704,0.00019809,0.206200,0.9933,0.9748,0.0000,0.0001,0.0000,0.3937,0.2437
66,0.206825,0.00019725,0.206200,0.0000,0.0000,0.0000,0.0000,0.0000,0.0000,0.0000
67,0.206301,0.00019626,0.206200,0.0000,0.0000,0.0000,0.0000,0.0000,0.0000,0.0000
68,0.207155,0.00019513,0.206200,0.0000,0.0000,0.0000,0.0000,0.0000,0.0000,0.0000
69,0.205760,0.00019385,0.205760,0.0000,0.0000,0.0000,0.0000,0.0000,0.0000,0.0000
70,0.205355,0.00019243,0.205355,0.9923,0.9748,0.0170,0.0005,0.0000,0.3969,0.2481
71,0.205896,0.00019086,0.205355,0.0000,0.0000,0.0000,0.0000,0.0000,0.0000,0.0000
72,0.204939,0.00018916,0.204939,0.0000,0.0000,0.0000,0.0000,0.0000,0.0000,0.0000
73,0.205185,0.00018731,0.204939,0.0000,0.0000,0.0000,0.0000,0.0000,0.0000,0.0000
74,0.204539,0.00018534,0.204539,0.0000,0.0000,0.0000,0.0000,0.0000,0.0000,0.0000
75,0.204523,0.00018323,0.204523,0.9923,0.9747,0.0170,0.0001,0.0000,0.3968,0.2480
76,0.204897,0.00018100,0.204523,0.0000,0.0000,0.0000,0.0000,0.0000,0.0000,0.0000
77,0.204156,0.00017864,0.204156,0.0000,0.0000,0.0000,0.0000,0.0000,0.0000,0.0000
78,0.203973,0.00017616,0.203973,0.0000,0.0000,0.0000,0.0000,0.0000,0.0000,0.0000
79,0.204183,0.00017357,0.203973,0.0000,0.0000,0.0000,0.0000,0.0000,0.0000,0.0000
80,0.203555,0.00017086,0.203555,0.9918,0.9748,0.0236,0.0001,0.0000,0.3981,0.2496
81,0.203589,0.00016804,0.203555,0.0000,0.0000,0.0000,0.0000,0.0000,0.0000,0.0000
82,0.203494,0.00016512,0.203494,0.0000,0.0000,0.0000,0.0000,0.0000,0.0000,0.0000
83,0.204532,0.00016210,0.203494,0.0000,0.0000,0.0000,0.0000,0.0000,0.0000,0.0000
84,0.203141,0.00015898,0.203141,0.0000,0.0000,0.0000,0.0000,0.0000,0.0000,0.0000
85,0.202971,0.00015578,0.202971,0.9923,0.9748,0.0170,0.0001,0.0000,0.3969,0.2480
86,0.203058,0.00015249,0.202971,0.0000,0.0000,0.0000,0.0000,0.0000,0.0000,0.0000
87,0.203575,0.00014912,0.202971,0.0000,0.0000,0.0000,0.0000,0.0000,0.0000,0.0000
88,0.203444,0.00014567,0.202971,0.0000,0.0000,0.0000,0.0000,0.0000,0.0000,0.0000
89,0.204206,0.00014216,0.202971,0.0000,0.0000,0.0000,0.0000,0.0000,0.0000,0.0000
90,0.202528,0.00013858,0.202528,0.9933,0.9748,0.0000,0.0000,0.0000,0.3936,0.2437
91,0.202683,0.00013494,0.202528,0.0000,0.0000,0.0000,0.0000,0.0000,0.0000,0.0000
92,0.203654,0.00013125,0.202528,0.0000,0.0000,0.0000,0.0000,0.0000,0.0000,0.0000
93,0.202575,0.00012751,0.202528,0.0000,0.0000,0.0000,0.0000,0.0000,0.0000,0.0000
94,0.202212,0.00012373,0.202212,0.0000,0.0000,0.0000,0.0000,0.0000,0.0000,0.0000
95,0.202348,0.00011991,0.202212,0.9934,0.9749,0.0000,0.0000,0.0000,0.3936,0.2437
96,0.203229,0.00011607,0.202212,0.0000,0.0000,0.0000,0.0000,0.0000,0.0000,0.0000
97,0.202571,0.00011219,0.202212,0.0000,0.0000,0.0000,0.0000,0.0000,0.0000,0.0000
98,0.202492,0.00010831,0.202212,0.0000,0.0000,0.0000,0.0000,0.0000,0.0000,0.0000
99,0.201584,0.00010441,0.201584,0.0000,0.0000,0.0000,0.0000,0.0000,0.0000,0.0000
100,0.201757,0.00010050,0.201584,0.9934,0.9749,0.0000,0.0000,0.0000,0.3936,0.2437
101,0.201228,0.00009659,0.201228,0.0000,0.0000,0.0000,0.0000,0.0000,0.0000,0.0000
102,0.201729,0.00009269,0.201228,0.0000,0.0000,0.0000,0.0000,0.0000,0.0000,0.0000
103,0.202105,0.00008881,0.201228,0.0000,0.0000,0.0000,0.0000,0.0000,0.0000,0.0000
104,0.201976,0.00008493,0.201228,0.0000,0.0000,0.0000,0.0000,0.0000,0.0000,0.0000
105,0.203101,0.00008109,0.201228,0.9934,0.9749,0.0000,0.0000,0.0000,0.3936,0.2437
106,0.201738,0.00007727,0.201228,0.0000,0.0000,0.0000,0.0000,0.0000,0.0000,0.0000
107,0.202001,0.00007349,0.201228,0.0000,0.0000,0.0000,0.0000,0.0000,0.0000,0.0000
108,0.201959,0.00006975,0.201228,0.0000,0.0000,0.0000,0.0000,0.0000,0.0000,0.0000
109,0.201680,0.00006606,0.201228,0.0000,0.0000,0.0000,0.0000,0.0000,0.0000,0.0000
110,0.201784,0.00006242,0.201228,0.9933,0.9748,0.0000,0.0000,0.0000,0.3936,0.2437
111,0.201314,0.00005884,0.201228,0.0000,0.0000,0.0000,0.0000,0.0000,0.0000,0.0000
112,0.201507,0.00005533,0.201228,0.0000,0.0000,0.0000,0.0000,0.0000,0.0000,0.0000
113,0.201848,0.00005188,0.201228,0.0000,0.0000,0.0000,0.0000,0.0000,0.0000,0.0000
114,0.201010,0.00004851,0.201010,0.0000,0.0000,0.0000,0.0000,0.0000,0.0000,0.0000
115,0.201747,0.00004522,0.201010,0.9933,0.9748,0.0000,0.0000,0.0000,0.3936,0.2437
116,0.200877,0.00004202,0.200877,0.0000,0.0000,0.0000,0.0000,0.0000,0.0000,0.0000
117,0.201625,0.00003890,0.200877,0.0000,0.0000,0.0000,0.0000,0.0000,0.0000,0.0000
118,0.201006,0.00003588,0.200877,0.0000,0.0000,0.0000,0.0000,0.0000,0.0000,0.0000
119,0.200529,0.00003296,0.200529,0.0000,0.0000,0.0000,0.0000,0.0000,0.0000,0.0000
120,0.200980,0.00003014,0.200529,0.9934,0.9748,0.0000,0.0000,0.0000,0.3936,0.2437
121,0.200665,0.00002743,0.200529,0.0000,0.0000,0.0000,0.0000,0.0000,0.0000,0.0000
122,0.200435,0.00002484,0.200435,0.0000,0.0000,0.0000,0.0000,0.0000,0.0000,0.0000
123,0.201716,0.00002236,0.200435,0.0000,0.0000,0.0000,0.0000,0.0000,0.0000,0.0000
124,0.200904,0.00002000,0.200435,0.0000,0.0000,0.0000,0.0000,0.0000,0.0000,0.0000
125,0.200332,0.00001777,0.200332,0.9933,0.9748,0.0000,0.0000,0.0000,0.3936,0.2437
126,0.200423,0.00001566,0.200332,0.0000,0.0000,0.0000,0.0000,0.0000,0.0000,0.0000
127,0.201312,0.00001369,0.200332,0.0000,0.0000,0.0000,0.0000,0.0000,0.0000,0.0000
128,0.200497,0.00001184,0.200332,0.0000,0.0000,0.0000,0.0000,0.0000,0.0000,0.0000
129,0.201138,0.00001014,0.200332,0.0000,0.0000,0.0000,0.0000,0.0000,0.0000,0.0000
130,0.200742,0.00000857,0.200332,0.9933,0.9748,0.0000,0.0000,0.0000,0.3936,0.2437
131,0.200870,0.00000715,0.200332,0.0000,0.0000,0.0000,0.0000,0.0000,0.0000,0.0000
132,0.200329,0.00000587,0.200329,0.0000,0.0000,0.0000,0.0000,0.0000,0.0000,0.0000
133,0.201106,0.00000474,0.200329,0.0000,0.0000,0.0000,0.0000,0.0000,0.0000,0.0000
134,0.201320,0.00000375,0.200329,0.0000,0.0000,0.0000,0.0000,0.0000,0.0000,0.0000
135,0.200255,0.00000291,0.200255,0.9919,0.9748,0.0237,0.0000,0.0000,0.3981,0.2496
136,0.201497,0.00000223,0.200255,0.0000,0.0000,0.0000,0.0000,0.0000,0.0000,0.0000
137,0.200913,0.00000169,0.200255,0.0000,0.0000,0.0000,0.0000,0.0000,0.0000,0.0000
138,0.201159,0.00000131,0.200255,0.0000,0.0000,0.0000,0.0000,0.0000,0.0000,0.0000
139,0.200498,0.00000108,0.200255,0.0000,0.0000,0.0000,0.0000,0.0000,0.0000,0.0000
140,0.201632,0.00020000,0.200255,0.9933,0.9748,0.0000,0.0000,0.0000,0.3936,0.2437
141,0.205509,0.00019998,0.200255,0.0000,0.0000,0.0000,0.0000,0.0000,0.0000,0.0000
142,0.205702,0.00019992,0.200255,0.0000,0.0000,0.0000,0.0000,0.0000,0.0000,0.0000
143,0.205447,0.00019983,0.200255,0.0000,0.0000,0.0000,0.0000,0.0000,0.0000,0.0000
144,0.204004,0.00019969,0.200255,0.0000,0.0000,0.0000,0.0000,0.0000,0.0000,0.0000
145,0.202937,0.00019952,0.200255,0.9933,0.9748,0.0000,0.0001,0.0000,0.3937,0.2437
146,0.203224,0.00019931,0.200255,0.0000,0.0000,0.0000,0.0000,0.0000,0.0000,0.0000
147,0.202665,0.00019906,0.200255,0.0000,0.0000,0.0000,0.0000,0.0000,0.0000,0.0000
148,0.202314,0.00019877,0.200255,0.0000,0.0000,0.0000,0.0000,0.0000,0.0000,0.0000
149,0.202013,0.00019845,0.200255,0.0000,0.0000,0.0000,0.0000,0.0000,0.0000,0.0000
150,0.203194,0.00019809,0.200255,0.9888,0.9748,0.0511,0.0000,0.0000,0.4030,0.2565
